Order_Number,Customer_ID,Watch_Model_ID,Model_Name,Purchase_Date,Price,Warranty,Additional_Warranty,Discount,Final_Price
ORD10001,CUST1001,ZT004,ZenTime Ultra,2025-01-01,349.99,Extended 2 Years,69.99,3,409.48
ORD10002,CUST1002,ZT001,ZenTime Lite,2025-01-01,149.99,Extended 2 Years,29.99,5,172.48
ORD10003,CUST1003,ZT001,ZenTime Lite,2025-01-01,149.99,Default 1 Year,0,5,142.49
ORD10004,CUST1004,ZT003,ZenTime Pro,2025-01-02,249.99,Extended 2 Years,49.99,4,289.98
ORD10005,CUST1005,ZT001,ZenTime Lite,2025-01-03,149.99,Default 1 Year,0,13,130.49
ORD10006,CUST1006,ZT001,ZenTime Lite,2025-01-03,149.99,Default 1 Year,0,8,137.99
ORD10007,CUST1007,ZT004,ZenTime Ultra,2025-01-03,349.99,Default 1 Year,0,10,314.99
ORD10008,CUST1008,ZT003,ZenTime Pro,2025-01-03,249.99,Default 1 Year,0,3,242.49
ORD10009,CUST1009,ZT002,ZenTime Sports,2025-01-03,199.99,Default 1 Year,0,14,171.99
ORD10010,CUST1010,ZT002,ZenTime Sports,2025-01-04,199.99,Extended 2 Years,39.99,4,231.98
ORD10011,CUST1011,ZT004,ZenTime Ultra,2025-01-04,349.99,Default 1 Year,0,7,325.49
ORD10012,CUST1012,ZT003,ZenTime Pro,2025-01-04,249.99,Default 1 Year,0,7,232.49
ORD10013,CUST1013,ZT004,ZenTime Ultra,2025-01-04,349.99,Default 1 Year,0,8,321.99
ORD10014,CUST1014,ZT002,ZenTime Sports,2025-01-04,199.99,Default 1 Year,0,4,191.99
ORD10015,CUST1015,ZT004,ZenTime Ultra,2025-01-04,349.99,Default 1 Year,0,5,332.49
ORD10016,CUST1016,ZT003,ZenTime Pro,2025-01-05,249.99,Default 1 Year,0,13,217.49
ORD10017,CUST1017,ZT002,ZenTime Sports,2025-01-06,199.99,Extended 2 Years,39.99,6,227.98
ORD10018,CUST1018,ZT004,ZenTime Ultra,2025-01-07,349.99,Extended 2 Years,69.99,2,412.98
ORD10019,CUST1019,ZT002,ZenTime Sports,2025-01-07,199.99,Default 1 Year,0,13,173.99
ORD10020,CUST1020,ZT004,ZenTime Ultra,2025-01-07,349.99,Extended 2 Years,69.99,10,384.98
ORD10021,CUST1021,ZT002,ZenTime Sports,2025-01-09,199.99,Default 1 Year,0,14,171.99
ORD10022,CUST1022,ZT002,ZenTime Sports,2025-01-09,199.99,Extended 2 Years,39.99,8,223.98
ORD10023,CUST1023,ZT001,ZenTime Lite,2025-01-10,149.99,Default 1 Year,0,7,139.49
ORD10024,CUST1024,ZT004,ZenTime Ultra,2025-01-11,349.99,Extended 2 Years,69.99,10,384.98
ORD10025,CUST1025,ZT001,ZenTime Lite,2025-01-11,149.99,Default 1 Year,0,11,133.49
ORD10026,CUST1026,ZT003,ZenTime Pro,2025-01-11,249.99,Extended 2 Years,49.99,6,284.98
ORD10027,CUST1027,ZT004,ZenTime Ultra,2025-01-11,349.99,Default 1 Year,0,2,342.99
ORD10028,CUST1028,ZT001,ZenTime Lite,2025-01-12,149.99,Default 1 Year,0,10,134.99
ORD10029,CUST1029,ZT004,ZenTime Ultra,2025-01-12,349.99,Default 1 Year,0,15,297.49
ORD10030,CUST1030,ZT002,ZenTime Sports,2025-01-13,199.99,Extended 2 Years,39.99,15,209.98
ORD10031,CUST1031,ZT003,ZenTime Pro,2025-01-13,249.99,Default 1 Year,0,15,212.49
ORD10032,CUST1032,ZT002,ZenTime Sports,2025-01-13,199.99,Extended 2 Years,39.99,14,211.98
ORD10033,CUST1033,ZT003,ZenTime Pro,2025-01-14,249.99,Default 1 Year,0,15,212.49
ORD10034,CUST1034,ZT003,ZenTime Pro,2025-01-14,249.99,Extended 2 Years,49.99,15,262.48
ORD10035,CUST1035,ZT001,ZenTime Lite,2025-01-15,149.99,Extended 2 Years,29.99,5,172.48
ORD10036,CUST1036,ZT004,ZenTime Ultra,2025-01-15,349.99,Default 1 Year,0,12,307.99
ORD10037,CUST1037,ZT003,ZenTime Pro,2025-01-15,249.99,Extended 2 Years,49.99,11,272.48
ORD10038,CUST1038,ZT002,ZenTime Sports,2025-01-16,199.99,Default 1 Year,0,3,193.99
ORD10039,CUST1039,ZT004,ZenTime Ultra,2025-01-16,349.99,Default 1 Year,0,7,325.49
ORD10040,CUST1040,ZT001,ZenTime Lite,2025-01-16,149.99,Default 1 Year,0,11,133.49
ORD10041,CUST1041,ZT002,ZenTime Sports,2025-01-17,199.99,Default 1 Year,0,5,189.99
ORD10042,CUST1042,ZT004,ZenTime Ultra,2025-01-19,349.99,Extended 2 Years,69.99,11,381.48
ORD10043,CUST1043,ZT003,ZenTime Pro,2025-01-19,249.99,Extended 2 Years,49.99,10,274.98
ORD10044,CUST1044,ZT003,ZenTime Pro,2025-01-20,249.99,Default 1 Year,0,15,212.49
ORD10045,CUST1045,ZT004,ZenTime Ultra,2025-01-20,349.99,Default 1 Year,0,3,339.49
ORD10046,CUST1046,ZT002,ZenTime Sports,2025-01-20,199.99,Default 1 Year,0,5,189.99
ORD10047,CUST1047,ZT001,ZenTime Lite,2025-01-20,149.99,Default 1 Year,0,12,131.99
ORD10048,CUST1048,ZT002,ZenTime Sports,2025-01-20,199.99,Extended 2 Years,39.99,14,211.98
ORD10049,CUST1049,ZT003,ZenTime Pro,2025-01-21,249.99,Extended 2 Years,49.99,0,299.98
ORD10050,CUST1050,ZT001,ZenTime Lite,2025-01-21,149.99,Default 1 Year,0,14,128.99
ORD10051,CUST1051,ZT004,ZenTime Ultra,2025-01-21,349.99,Default 1 Year,0,3,339.49
ORD10052,CUST1052,ZT002,ZenTime Sports,2025-01-22,199.99,Default 1 Year,0,13,173.99
ORD10053,CUST1053,ZT001,ZenTime Lite,2025-01-22,149.99,Extended 2 Years,29.99,3,175.48
ORD10054,CUST1054,ZT004,ZenTime Ultra,2025-01-22,349.99,Default 1 Year,0,5,332.49
ORD10055,CUST1055,ZT004,ZenTime Ultra,2025-01-22,349.99,Default 1 Year,0,5,332.49
ORD10056,CUST1056,ZT003,ZenTime Pro,2025-01-23,249.99,Default 1 Year,0,1,247.49
ORD10057,CUST1057,ZT003,ZenTime Pro,2025-01-24,249.99,Default 1 Year,0,10,224.99
ORD10058,CUST1058,ZT001,ZenTime Lite,2025-01-25,149.99,Extended 2 Years,29.99,15,157.48
ORD10059,CUST1059,ZT003,ZenTime Pro,2025-01-25,249.99,Extended 2 Years,49.99,4,289.98
ORD10060,CUST1060,ZT003,ZenTime Pro,2025-01-26,249.99,Default 1 Year,0,6,234.99
ORD10061,CUST1061,ZT003,ZenTime Pro,2025-01-27,249.99,Default 1 Year,0,2,244.99
ORD10062,CUST1062,ZT003,ZenTime Pro,2025-01-27,249.99,Default 1 Year,0,8,229.99
ORD10063,CUST1063,ZT001,ZenTime Lite,2025-01-27,149.99,Extended 2 Years,29.99,13,160.48
ORD10064,CUST1064,ZT001,ZenTime Lite,2025-01-27,149.99,Extended 2 Years,29.99,1,178.48
ORD10065,CUST1065,ZT004,ZenTime Ultra,2025-01-28,349.99,Default 1 Year,0,15,297.49
ORD10066,CUST1066,ZT001,ZenTime Lite,2025-01-28,149.99,Extended 2 Years,29.99,9,166.48
ORD10067,CUST1067,ZT002,ZenTime Sports,2025-01-28,199.99,Default 1 Year,0,9,181.99
ORD10068,CUST1068,ZT004,ZenTime Ultra,2025-01-28,349.99,Default 1 Year,0,13,304.49
ORD10069,CUST1069,ZT004,ZenTime Ultra,2025-01-28,349.99,Default 1 Year,0,14,300.99
ORD10070,CUST1070,ZT003,ZenTime Pro,2025-01-29,249.99,Extended 2 Years,49.99,2,294.98
ORD10071,CUST1071,ZT004,ZenTime Ultra,2025-01-29,349.99,Default 1 Year,0,9,318.49
ORD10072,CUST1072,ZT002,ZenTime Sports,2025-01-30,199.99,Default 1 Year,0,3,193.99
ORD10073,CUST1073,ZT003,ZenTime Pro,2025-01-30,249.99,Extended 2 Years,49.99,1,297.48
ORD10074,CUST1074,ZT004,ZenTime Ultra,2025-01-30,349.99,Default 1 Year,0,3,339.49
ORD10075,CUST1075,ZT003,ZenTime Pro,2025-01-31,249.99,Extended 2 Years,49.99,11,272.48
ORD10076,CUST1076,ZT001,ZenTime Lite,2025-02-01,149.99,Default 1 Year,0,4,143.99
ORD10077,CUST1077,ZT004,ZenTime Ultra,2025-02-02,349.99,Default 1 Year,0,14,300.99
ORD10078,CUST1078,ZT002,ZenTime Sports,2025-02-02,199.99,Default 1 Year,0,15,169.99
ORD10079,CUST1079,ZT001,ZenTime Lite,2025-02-02,149.99,Extended 2 Years,29.99,15,157.48
ORD10080,CUST1080,ZT003,ZenTime Pro,2025-02-02,249.99,Default 1 Year,0,6,234.99
ORD10081,CUST1081,ZT004,ZenTime Ultra,2025-02-02,349.99,Default 1 Year,0,7,325.49
ORD10082,CUST1082,ZT002,ZenTime Sports,2025-02-02,199.99,Extended 2 Years,39.99,2,235.98
ORD10083,CUST1083,ZT004,ZenTime Ultra,2025-02-03,349.99,Default 1 Year,0,3,339.49
ORD10084,CUST1084,ZT002,ZenTime Sports,2025-02-03,199.99,Default 1 Year,0,15,169.99
ORD10085,CUST1085,ZT004,ZenTime Ultra,2025-02-03,349.99,Default 1 Year,0,7,325.49
ORD10086,CUST1086,ZT004,ZenTime Ultra,2025-02-03,349.99,Default 1 Year,0,4,335.99
ORD10087,CUST1087,ZT003,ZenTime Pro,2025-02-04,249.99,Default 1 Year,0,1,247.49
ORD10088,CUST1088,ZT001,ZenTime Lite,2025-02-04,149.99,Extended 2 Years,29.99,15,157.48
ORD10089,CUST1089,ZT001,ZenTime Lite,2025-02-04,149.99,Default 1 Year,0,9,136.49
ORD10090,CUST1090,ZT001,ZenTime Lite,2025-02-04,149.99,Extended 2 Years,29.99,11,163.48
ORD10091,CUST1091,ZT002,ZenTime Sports,2025-02-04,199.99,Default 1 Year,0,1,197.99
ORD10092,CUST1092,ZT002,ZenTime Sports,2025-02-04,199.99,Extended 2 Years,39.99,4,231.98
ORD10093,CUST1093,ZT002,ZenTime Sports,2025-02-04,199.99,Default 1 Year,0,0,199.99
ORD10094,CUST1094,ZT004,ZenTime Ultra,2025-02-05,349.99,Default 1 Year,0,14,300.99
ORD10095,CUST1095,ZT003,ZenTime Pro,2025-02-06,249.99,Default 1 Year,0,14,214.99
ORD10096,CUST1096,ZT003,ZenTime Pro,2025-02-06,249.99,Default 1 Year,0,9,227.49
ORD10097,CUST1097,ZT004,ZenTime Ultra,2025-02-06,349.99,Default 1 Year,0,12,307.99
ORD10098,CUST1098,ZT001,ZenTime Lite,2025-02-06,149.99,Default 1 Year,0,7,139.49
ORD10099,CUST1099,ZT001,ZenTime Lite,2025-02-06,149.99,Extended 2 Years,29.99,8,167.98
ORD10100,CUST1100,ZT001,ZenTime Lite,2025-02-06,149.99,Default 1 Year,0,15,127.49
ORD10101,CUST1101,ZT002,ZenTime Sports,2025-02-07,199.99,Default 1 Year,0,2,195.99
ORD10102,CUST1102,ZT001,ZenTime Lite,2025-02-07,149.99,Extended 2 Years,29.99,2,176.98
ORD10103,CUST1103,ZT003,ZenTime Pro,2025-02-08,249.99,Extended 2 Years,49.99,4,289.98
ORD10104,CUST1104,ZT002,ZenTime Sports,2025-02-08,199.99,Extended 2 Years,39.99,3,233.98
ORD10105,CUST1105,ZT003,ZenTime Pro,2025-02-08,249.99,Default 1 Year,0,7,232.49
ORD10106,CUST1106,ZT001,ZenTime Lite,2025-02-08,149.99,Extended 2 Years,29.99,11,163.48
ORD10107,CUST1107,ZT002,ZenTime Sports,2025-02-08,199.99,Extended 2 Years,39.99,14,211.98
ORD10108,CUST1108,ZT003,ZenTime Pro,2025-02-09,249.99,Default 1 Year,0,4,239.99
ORD10109,CUST1109,ZT002,ZenTime Sports,2025-02-10,199.99,Extended 2 Years,39.99,12,215.98
ORD10110,CUST1110,ZT001,ZenTime Lite,2025-02-11,149.99,Default 1 Year,0,7,139.49
ORD10111,CUST1111,ZT003,ZenTime Pro,2025-02-11,249.99,Default 1 Year,0,8,229.99
ORD10112,CUST1112,ZT002,ZenTime Sports,2025-02-12,199.99,Default 1 Year,0,13,173.99
ORD10113,CUST1113,ZT002,ZenTime Sports,2025-02-12,199.99,Extended 2 Years,39.99,13,213.98
ORD10114,CUST1114,ZT003,ZenTime Pro,2025-02-12,249.99,Default 1 Year,0,14,214.99
ORD10115,CUST1115,ZT002,ZenTime Sports,2025-02-12,199.99,Default 1 Year,0,10,179.99
ORD10116,CUST1116,ZT001,ZenTime Lite,2025-02-13,149.99,Extended 2 Years,29.99,7,169.48
ORD10117,CUST1117,ZT003,ZenTime Pro,2025-02-13,249.99,Extended 2 Years,49.99,11,272.48
ORD10118,CUST1118,ZT003,ZenTime Pro,2025-02-13,249.99,Default 1 Year,0,1,247.49
ORD10119,CUST1119,ZT003,ZenTime Pro,2025-02-13,249.99,Extended 2 Years,49.99,9,277.48
ORD10120,CUST1120,ZT001,ZenTime Lite,2025-02-14,149.99,Extended 2 Years,29.99,2,176.98
ORD10121,CUST1121,ZT002,ZenTime Sports,2025-02-15,199.99,Extended 2 Years,39.99,2,235.98
ORD10122,CUST1122,ZT004,ZenTime Ultra,2025-02-15,349.99,Default 1 Year,0,13,304.49
ORD10123,CUST1123,ZT004,ZenTime Ultra,2025-02-16,349.99,Default 1 Year,0,4,335.99
ORD10124,CUST1124,ZT004,ZenTime Ultra,2025-02-17,349.99,Default 1 Year,0,5,332.49
ORD10125,CUST1125,ZT003,ZenTime Pro,2025-02-17,249.99,Extended 2 Years,49.99,4,289.98
ORD10126,CUST1126,ZT002,ZenTime Sports,2025-02-17,199.99,Default 1 Year,0,1,197.99
ORD10127,CUST1127,ZT004,ZenTime Ultra,2025-02-18,349.99,Extended 2 Years,69.99,1,416.48
ORD10128,CUST1128,ZT003,ZenTime Pro,2025-02-18,249.99,Default 1 Year,0,2,244.99
ORD10129,CUST1129,ZT002,ZenTime Sports,2025-02-18,199.99,Extended 2 Years,39.99,6,227.98
ORD10130,CUST1130,ZT001,ZenTime Lite,2025-02-18,149.99,Extended 2 Years,29.99,4,173.98
ORD10131,CUST1131,ZT001,ZenTime Lite,2025-02-19,149.99,Extended 2 Years,29.99,14,158.98
ORD10132,CUST1132,ZT002,ZenTime Sports,2025-02-20,199.99,Extended 2 Years,39.99,3,233.98
ORD10133,CUST1133,ZT001,ZenTime Lite,2025-02-20,149.99,Default 1 Year,0,13,130.49
ORD10134,CUST1134,ZT004,ZenTime Ultra,2025-02-20,349.99,Default 1 Year,0,14,300.99
ORD10135,CUST1135,ZT002,ZenTime Sports,2025-02-20,199.99,Default 1 Year,0,7,185.99
ORD10136,CUST1136,ZT003,ZenTime Pro,2025-02-21,249.99,Extended 2 Years,49.99,8,279.98
ORD10137,CUST1137,ZT001,ZenTime Lite,2025-02-22,149.99,Extended 2 Years,29.99,15,157.48
ORD10138,CUST1138,ZT001,ZenTime Lite,2025-02-22,149.99,Extended 2 Years,29.99,1,178.48
ORD10139,CUST1139,ZT003,ZenTime Pro,2025-02-22,249.99,Default 1 Year,0,0,249.99
ORD10140,CUST1140,ZT001,ZenTime Lite,2025-02-22,149.99,Default 1 Year,0,13,130.49
ORD10141,CUST1141,ZT004,ZenTime Ultra,2025-02-22,349.99,Default 1 Year,0,5,332.49
ORD10142,CUST1142,ZT002,ZenTime Sports,2025-02-22,199.99,Extended 2 Years,39.99,0,239.98
ORD10143,CUST1143,ZT002,ZenTime Sports,2025-02-22,199.99,Extended 2 Years,39.99,12,215.98
ORD10144,CUST1144,ZT004,ZenTime Ultra,2025-02-25,349.99,Default 1 Year,0,6,328.99
ORD10145,CUST1145,ZT004,ZenTime Ultra,2025-02-25,349.99,Default 1 Year,0,13,304.49
ORD10146,CUST1146,ZT001,ZenTime Lite,2025-02-25,149.99,Default 1 Year,0,8,137.99
ORD10147,CUST1147,ZT002,ZenTime Sports,2025-02-25,199.99,Default 1 Year,0,6,187.99
ORD10148,CUST1148,ZT001,ZenTime Lite,2025-02-25,149.99,Extended 2 Years,29.99,11,163.48
ORD10149,CUST1149,ZT003,ZenTime Pro,2025-02-26,249.99,Default 1 Year,0,6,234.99
ORD10150,CUST1150,ZT004,ZenTime Ultra,2025-02-26,349.99,Default 1 Year,0,15,297.49
ORD10151,CUST1151,ZT002,ZenTime Sports,2025-02-26,199.99,Default 1 Year,0,6,187.99
ORD10152,CUST1152,ZT004,ZenTime Ultra,2025-02-26,349.99,Extended 2 Years,69.99,15,367.48
ORD10153,CUST1153,ZT002,ZenTime Sports,2025-02-27,199.99,Extended 2 Years,39.99,6,227.98
ORD10154,CUST1154,ZT002,ZenTime Sports,2025-02-27,199.99,Default 1 Year,0,4,191.99
ORD10155,CUST1155,ZT002,ZenTime Sports,2025-02-27,199.99,Extended 2 Years,39.99,9,221.98
ORD10156,CUST1156,ZT002,ZenTime Sports,2025-02-27,199.99,Default 1 Year,0,7,185.99
ORD10157,CUST1157,ZT003,ZenTime Pro,2025-02-27,249.99,Extended 2 Years,49.99,9,277.48
ORD10158,CUST1158,ZT003,ZenTime Pro,2025-02-28,249.99,Extended 2 Years,49.99,3,292.48
ORD10159,CUST1159,ZT001,ZenTime Lite,2025-02-28,149.99,Default 1 Year,0,7,139.49
ORD10160,CUST1160,ZT003,ZenTime Pro,2025-02-28,249.99,Default 1 Year,0,14,214.99
ORD10161,CUST1161,ZT002,ZenTime Sports,2025-03-01,199.99,Default 1 Year,0,1,197.99
ORD10162,CUST1162,ZT004,ZenTime Ultra,2025-03-01,349.99,Extended 2 Years,69.99,7,395.48
ORD10163,CUST1163,ZT001,ZenTime Lite,2025-03-01,149.99,Extended 2 Years,29.99,3,175.48
ORD10164,CUST1164,ZT003,ZenTime Pro,2025-03-01,249.99,Default 1 Year,0,6,234.99
ORD10165,CUST1165,ZT003,ZenTime Pro,2025-03-01,249.99,Extended 2 Years,49.99,5,287.48
ORD10166,CUST1166,ZT004,ZenTime Ultra,2025-03-02,349.99,Default 1 Year,0,0,349.99
ORD10167,CUST1167,ZT002,ZenTime Sports,2025-03-03,199.99,Extended 2 Years,39.99,5,229.98
ORD10168,CUST1168,ZT002,ZenTime Sports,2025-03-04,199.99,Default 1 Year,0,3,193.99
ORD10169,CUST1169,ZT002,ZenTime Sports,2025-03-05,199.99,Default 1 Year,0,3,193.99
ORD10170,CUST1170,ZT003,ZenTime Pro,2025-03-05,249.99,Default 1 Year,0,7,232.49
ORD10171,CUST1171,ZT003,ZenTime Pro,2025-03-06,249.99,Default 1 Year,0,5,237.49
ORD10172,CUST1172,ZT001,ZenTime Lite,2025-03-07,149.99,Default 1 Year,0,9,136.49
ORD10173,CUST1173,ZT004,ZenTime Ultra,2025-03-07,349.99,Default 1 Year,0,1,346.49
ORD10174,CUST1174,ZT004,ZenTime Ultra,2025-03-07,349.99,Default 1 Year,0,4,335.99
ORD10175,CUST1175,ZT004,ZenTime Ultra,2025-03-07,349.99,Default 1 Year,0,10,314.99
ORD10176,CUST1176,ZT004,ZenTime Ultra,2025-03-07,349.99,Extended 2 Years,69.99,11,381.48
ORD10177,CUST1177,ZT002,ZenTime Sports,2025-03-08,199.99,Default 1 Year,0,5,189.99
ORD10178,CUST1178,ZT003,ZenTime Pro,2025-03-08,249.99,Extended 2 Years,49.99,15,262.48
ORD10179,CUST1179,ZT003,ZenTime Pro,2025-03-08,249.99,Default 1 Year,0,10,224.99
ORD10180,CUST1180,ZT001,ZenTime Lite,2025-03-08,149.99,Default 1 Year,0,14,128.99
ORD10181,CUST1181,ZT002,ZenTime Sports,2025-03-08,199.99,Default 1 Year,0,6,187.99
ORD10182,CUST1182,ZT004,ZenTime Ultra,2025-03-10,349.99,Extended 2 Years,69.99,0,419.98
ORD10183,CUST1183,ZT004,ZenTime Ultra,2025-03-10,349.99,Default 1 Year,0,0,349.99
ORD10184,CUST1184,ZT003,ZenTime Pro,2025-03-10,249.99,Extended 2 Years,49.99,0,299.98
ORD10185,CUST1185,ZT002,ZenTime Sports,2025-03-10,199.99,Default 1 Year,0,1,197.99
ORD10186,CUST1186,ZT003,ZenTime Pro,2025-03-10,249.99,Default 1 Year,0,10,224.99
ORD10187,CUST1187,ZT001,ZenTime Lite,2025-03-10,149.99,Default 1 Year,0,7,139.49
ORD10188,CUST1188,ZT002,ZenTime Sports,2025-03-11,199.99,Extended 2 Years,39.99,11,217.98
ORD10189,CUST1189,ZT003,ZenTime Pro,2025-03-11,249.99,Default 1 Year,0,11,222.49
ORD10190,CUST1190,ZT002,ZenTime Sports,2025-03-12,199.99,Default 1 Year,0,14,171.99
ORD10191,CUST1191,ZT004,ZenTime Ultra,2025-03-12,349.99,Extended 2 Years,69.99,12,377.98
ORD10192,CUST1192,ZT004,ZenTime Ultra,2025-03-12,349.99,Default 1 Year,0,1,346.49
ORD10193,CUST1193,ZT001,ZenTime Lite,2025-03-12,149.99,Default 1 Year,0,13,130.49
ORD10194,CUST1194,ZT003,ZenTime Pro,2025-03-13,249.99,Default 1 Year,0,14,214.99
ORD10195,CUST1195,ZT003,ZenTime Pro,2025-03-13,249.99,Default 1 Year,0,10,224.99
ORD10196,CUST1196,ZT002,ZenTime Sports,2025-03-13,199.99,Default 1 Year,0,13,173.99
ORD10197,CUST1197,ZT001,ZenTime Lite,2025-03-14,149.99,Default 1 Year,0,1,148.49
ORD10198,CUST1198,ZT002,ZenTime Sports,2025-03-14,199.99,Default 1 Year,0,2,195.99
ORD10199,CUST1199,ZT001,ZenTime Lite,2025-03-15,149.99,Default 1 Year,0,14,128.99
ORD10200,CUST1200,ZT004,ZenTime Ultra,2025-03-15,349.99,Default 1 Year,0,3,339.49
ORD10201,CUST1201,ZT003,ZenTime Pro,2025-03-15,249.99,Extended 2 Years,49.99,7,282.48
ORD10202,CUST1202,ZT002,ZenTime Sports,2025-03-15,199.99,Default 1 Year,0,4,191.99
ORD10203,CUST1203,ZT002,ZenTime Sports,2025-03-16,199.99,Default 1 Year,0,13,173.99
ORD10204,CUST1204,ZT004,ZenTime Ultra,2025-03-16,349.99,Default 1 Year,0,0,349.99
ORD10205,CUST1205,ZT001,ZenTime Lite,2025-03-17,149.99,Extended 2 Years,29.99,12,161.98
ORD10206,CUST1206,ZT002,ZenTime Sports,2025-03-18,199.99,Default 1 Year,0,13,173.99
ORD10207,CUST1207,ZT003,ZenTime Pro,2025-03-18,249.99,Extended 2 Years,49.99,10,274.98
ORD10208,CUST1208,ZT002,ZenTime Sports,2025-03-18,199.99,Extended 2 Years,39.99,11,217.98
ORD10209,CUST1209,ZT002,ZenTime Sports,2025-03-18,199.99,Extended 2 Years,39.99,7,225.98
ORD10210,CUST1210,ZT003,ZenTime Pro,2025-03-18,249.99,Default 1 Year,0,10,224.99
ORD10211,CUST1211,ZT004,ZenTime Ultra,2025-03-19,349.99,Default 1 Year,0,2,342.99
ORD10212,CUST1212,ZT001,ZenTime Lite,2025-03-19,149.99,Default 1 Year,0,7,139.49
ORD10213,CUST1213,ZT004,ZenTime Ultra,2025-03-19,349.99,Default 1 Year,0,5,332.49
ORD10214,CUST1214,ZT003,ZenTime Pro,2025-03-19,249.99,Default 1 Year,0,3,242.49
ORD10215,CUST1215,ZT001,ZenTime Lite,2025-03-19,149.99,Default 1 Year,0,5,142.49
ORD10216,CUST1216,ZT001,ZenTime Lite,2025-03-19,149.99,Extended 2 Years,29.99,15,157.48
ORD10217,CUST1217,ZT004,ZenTime Ultra,2025-03-19,349.99,Extended 2 Years,69.99,5,402.48
ORD10218,CUST1218,ZT003,ZenTime Pro,2025-03-20,249.99,Default 1 Year,0,4,239.99
ORD10219,CUST1219,ZT003,ZenTime Pro,2025-03-20,249.99,Extended 2 Years,49.99,1,297.48
ORD10220,CUST1220,ZT004,ZenTime Ultra,2025-03-22,349.99,Extended 2 Years,69.99,1,416.48
ORD10221,CUST1221,ZT003,ZenTime Pro,2025-03-23,249.99,Default 1 Year,0,6,234.99
ORD10222,CUST1222,ZT003,ZenTime Pro,2025-03-24,249.99,Default 1 Year,0,15,212.49
ORD10223,CUST1223,ZT003,ZenTime Pro,2025-03-24,249.99,Extended 2 Years,49.99,4,289.98
ORD10224,CUST1224,ZT001,ZenTime Lite,2025-03-24,149.99,Default 1 Year,0,14,128.99
ORD10225,CUST1225,ZT002,ZenTime Sports,2025-03-25,199.99,Default 1 Year,0,12,175.99
ORD10226,CUST1226,ZT003,ZenTime Pro,2025-03-25,249.99,Default 1 Year,0,15,212.49
ORD10227,CUST1227,ZT004,ZenTime Ultra,2025-03-25,349.99,Default 1 Year,0,3,339.49
ORD10228,CUST1228,ZT001,ZenTime Lite,2025-03-25,149.99,Default 1 Year,0,7,139.49
ORD10229,CUST1229,ZT003,ZenTime Pro,2025-03-26,249.99,Default 1 Year,0,4,239.99
ORD10230,CUST1230,ZT001,ZenTime Lite,2025-03-26,149.99,Default 1 Year,0,11,133.49
ORD10231,CUST1231,ZT002,ZenTime Sports,2025-03-26,199.99,Extended 2 Years,39.99,15,209.98
ORD10232,CUST1232,ZT002,ZenTime Sports,2025-03-27,199.99,Extended 2 Years,39.99,0,239.98
ORD10233,CUST1233,ZT001,ZenTime Lite,2025-03-27,149.99,Extended 2 Years,29.99,10,164.98
ORD10234,CUST1234,ZT003,ZenTime Pro,2025-03-27,249.99,Extended 2 Years,49.99,10,274.98
ORD10235,CUST1235,ZT001,ZenTime Lite,2025-03-27,149.99,Extended 2 Years,29.99,0,179.98
ORD10236,CUST1236,ZT001,ZenTime Lite,2025-03-28,149.99,Extended 2 Years,29.99,10,164.98
ORD10237,CUST1237,ZT001,ZenTime Lite,2025-03-28,149.99,Extended 2 Years,29.99,1,178.48
ORD10238,CUST1238,ZT002,ZenTime Sports,2025-03-28,199.99,Default 1 Year,0,11,177.99
ORD10239,CUST1239,ZT004,ZenTime Ultra,2025-03-29,349.99,Default 1 Year,0,9,318.49
ORD10240,CUST1240,ZT002,ZenTime Sports,2025-03-29,199.99,Extended 2 Years,39.99,12,215.98
ORD10241,CUST1241,ZT004,ZenTime Ultra,2025-03-29,349.99,Extended 2 Years,69.99,9,388.48
ORD10242,CUST1242,ZT004,ZenTime Ultra,2025-03-29,349.99,Extended 2 Years,69.99,11,381.48
ORD10243,CUST1243,ZT003,ZenTime Pro,2025-03-29,249.99,Extended 2 Years,49.99,8,279.98
ORD10244,CUST1244,ZT002,ZenTime Sports,2025-03-30,199.99,Default 1 Year,0,15,169.99
ORD10245,CUST1245,ZT004,ZenTime Ultra,2025-03-30,349.99,Default 1 Year,0,4,335.99
ORD10246,CUST1246,ZT001,ZenTime Lite,2025-03-30,149.99,Default 1 Year,0,12,131.99
ORD10247,CUST1247,ZT002,ZenTime Sports,2025-03-30,199.99,Default 1 Year,0,2,195.99
ORD10248,CUST1248,ZT002,ZenTime Sports,2025-03-30,199.99,Extended 2 Years,39.99,8,223.98
ORD10249,CUST1249,ZT001,ZenTime Lite,2025-03-30,149.99,Default 1 Year,0,14,128.99
ORD10250,CUST1250,ZT001,ZenTime Lite,2025-03-31,149.99,Extended 2 Years,29.99,0,179.98